Label,Distance,Sequence
uA,66,GCGGCCGCACCCGAACAATACCGGCGACAGCCGGAACTGCCGTGCCGGTGTGCAGATTGGCGCGCC
uB,86,GCGGCCGCCAGCCCGAAGCGCATCAGCAACCCGAACAATACCGGCGACAGCCGGAACTGCCGTGCCGGTGTGCAGATTGGCGCGCC
uC,116,GCGGCCGCGCGGCTTTTCCGGACACAGTTCCGGATGGTCAGCCCGAAGCGCATCAGCAACCCGAACAATACCGGCGACAGCCGGAACTGCCGTGCCGGTGTGCAGATTGGCGCGCC
uD,156,GCGGCCGCGTGAACTGTTCGTTCAGGCCACCTGGGATACCAGTTCGTCGCGGCTTTTCCGGACACAGTTCCGGATGGTCAGCCCGAAGCGCATCAGCAACCCGAACAATACCGGCGACAGCCGGAACTGCCGTGCCGGTGTGCAGATTGGCGCGCC
uE,216,GCGGCCGCAGCGAAAACGCACGTTTACCATGATGATTCGGGAAGGTGTGGCCATGCACGCCTTTAACGGTGAACTGTTCGTTCAGGCCACCTGGGATACCAGTTCGTCGCGGCTTTTCCGGACACAGTTCCGGATGGTCAGCCCGAAGCGCATCAGCAACCCGAACAATACCGGCGACAGCCGGAACTGCCGTGCCGGTGTGCAGATTGGCGCGCC
uF,296,GCGGCCGCAGAAGCCCGTGCCTTTTCCCGCGAGGTTGAAGCGGCATGGAAAGAGTTTGCCGAGGATGACTGCTGCTGCATTGACGTTGAGCGAAAACGCACGTTTACCATGATGATTCGGGAAGGTGTGGCCATGCACGCCTTTAACGGTGAACTGTTCGTTCAGGCCACCTGGGATACCAGTTCGTCGCGGCTTTTCCGGACACAGTTCCGGATGGTCAGCCCGAAGCGCATCAGCAACCCGAACAATACCGGCGACAGCCGGAACTGCCGTGCCGGTGTGCAGATTGGCGCGCC
uG,416,GCGGCCGCTCTGGTACGCAATAACGGCTATGCCGCCAACGCCATCCAGCTGCATCAGGATCATATCGTCGGGTCTTTTTTCCGGCTCAGTCATCGCCCAAGCTGGCGCTATCTGGGCATCGGGGAGGAAGAAGCCCGTGCCTTTTCCCGCGAGGTTGAAGCGGCATGGAAAGAGTTTGCCGAGGATGACTGCTGCTGCATTGACGTTGAGCGAAAACGCACGTTTACCATGATGATTCGGGAAGGTGTGGCCATGCACGCCTTTAACGGTGAACTGTTCGTTCAGGCCACCTGGGATACCAGTTCGTCGCGGCTTTTCCGGACACAGTTCCGGATGGTCAGCCCGAAGCGCATCAGCAACCCGAACAATACCGGCGACAGCCGGAACTGCCGTGCCGGTGTGCAGATTGGCGCGCC
uH,586,GCGGCCGCATTCCCACCCTTCTGGGGCCGGACGGCATGACATCGCTGCGCGAATATGCCGGTTATCACGGCGGTGGCAGCGGATTTGGAGGGCAGTTGCGGTCGTGGAACCCACCGAGTGAAAGTGTGGATGCAGCCCTGTTGCCCAACTTTACCCGTGGCAATGCCCGCGCAGACGATCTGGTACGCAATAACGGCTATGCCGCCAACGCCATCCAGCTGCATCAGGATCATATCGTCGGGTCTTTTTTCCGGCTCAGTCATCGCCCAAGCTGGCGCTATCTGGGCATCGGGGAGGAAGAAGCCCGTGCCTTTTCCCGCGAGGTTGAAGCGGCATGGAAAGAGTTTGCCGAGGATGACTGCTGCTGCATTGACGTTGAGCGAAAACGCACGTTTACCATGATGATTCGGGAAGGTGTGGCCATGCACGCCTTTAACGGTGAACTGTTCGTTCAGGCCACCTGGGATACCAGTTCGTCGCGGCTTTTCCGGACACAGTTCCGGATGGTCAGCCCGAAGCGCATCAGCAACCCGAACAATACCGGCGACAGCCGGAACTGCCGTGCCGGTGTGCAGATTGGCGCGCC
uI,816,GCGGCCGCCGGAGAGGATGAATGACGCGACAGGAAGAACTTGCCGCTGCCCGTGCGGCACTGCATGACCTGATGACAGGTAAACGGGTGGCAACAGTACAGAAAGACGGACGAAGGGTGGAGTTTACGGCCACTTCCGTGTCTGACCTGAAAAAATATATTGCAGAGCTGGAAGTGCAGACCGGCATGACACAGCGACGCAGGGGACCTGCAGGATTTTATGTATGAAAACGCCCACCATTCCCACCCTTCTGGGGCCGGACGGCATGACATCGCTGCGCGAATATGCCGGTTATCACGGCGGTGGCAGCGGATTTGGAGGGCAGTTGCGGTCGTGGAACCCACCGAGTGAAAGTGTGGATGCAGCCCTGTTGCCCAACTTTACCCGTGGCAATGCCCGCGCAGACGATCTGGTACGCAATAACGGCTATGCCGCCAACGCCATCCAGCTGCATCAGGATCATATCGTCGGGTCTTTTTTCCGGCTCAGTCATCGCCCAAGCTGGCGCTATCTGGGCATCGGGGAGGAAGAAGCCCGTGCCTTTTCCCGCGAGGTTGAAGCGGCATGGAAAGAGTTTGCCGAGGATGACTGCTGCTGCATTGACGTTGAGCGAAAACGCACGTTTACCATGATGATTCGGGAAGGTGTGGCCATGCACGCCTTTAACGGTGAACTGTTCGTTCAGGCCACCTGGGATACCAGTTCGTCGCGGCTTTTCCGGACACAGTTCCGGATGGTCAGCCCGAAGCGCATCAGCAACCCGAACAATACCGGCGACAGCCGGAACTGCCGTGCCGGTGTGCAGATTGGCGCGCC
uJ,1046,GCGGCCGCACTGCTGAAGAGCAGGTCGAAAAATGGGTGGATGGCAGGAAAAAAATACTGTGGGACAGCAAAAAGCGACGCAATGAGGCACTCGACTGCTTCGTTTATGCGCTGGCGGCGCTGCGCATCAGTATTTCCCGCTGGCAGCTGGATCTCAGTGCGCTGCTGGCGAGCCTGCAGGAAGAGGATGGTGCAGCAACCAACAAGAAAACACTGGCAGATTACGCCCGTGCCTTATCCGGAGAGGATGAATGACGCGACAGGAAGAACTTGCCGCTGCCCGTGCGGCACTGCATGACCTGATGACAGGTAAACGGGTGGCAACAGTACAGAAAGACGGACGAAGGGTGGAGTTTACGGCCACTTCCGTGTCTGACCTGAAAAAATATATTGCAGAGCTGGAAGTGCAGACCGGCATGACACAGCGACGCAGGGGACCTGCAGGATTTTATGTATGAAAACGCCCACCATTCCCACCCTTCTGGGGCCGGACGGCATGACATCGCTGCGCGAATATGCCGGTTATCACGGCGGTGGCAGCGGATTTGGAGGGCAGTTGCGGTCGTGGAACCCACCGAGTGAAAGTGTGGATGCAGCCCTGTTGCCCAACTTTACCCGTGGCAATGCCCGCGCAGACGATCTGGTACGCAATAACGGCTATGCCGCCAACGCCATCCAGCTGCATCAGGATCATATCGTCGGGTCTTTTTTCCGGCTCAGTCATCGCCCAAGCTGGCGCTATCTGGGCATCGGGGAGGAAGAAGCCCGTGCCTTTTCCCGCGAGGTTGAAGCGGCATGGAAAGAGTTTGCCGAGGATGACTGCTGCTGCATTGACGTTGAGCGAAAACGCACGTTTACCATGATGATTCGGGAAGGTGTGGCCATGCACGCCTTTAACGGTGAACTGTTCGTTCAGGCCACCTGGGATACCAGTTCGTCGCGGCTTTTCCGGACACAGTTCCGGATGGTCAGCCCGAAGCGCATCAGCAACCCGAACAATACCGGCGACAGCCGGAACTGCCGTGCCGGTGTGCAGATTGGCGCGCC
uK,2276,GCGGCCGCACTAATGGGCGTGGCTTCTGGTGCCTGGGCGGTAAAGCGGCAAAAAACTACCGTGAAAAGTCGGTGGATGTGGCGGGTTATGATGAACTTGCTGCTTTTGATGATGATATTGAACAGGAAGGCTCTCCGACGTTCCTGGGTGACAAGCGTATTGAAGGCTCGGTCTGGCCAAAGTCCATCCGTGGCTCCACGCCAAAAGTGAGAGGCACCTGTCAGATTGAGCGTGCAGCCAGTGAATCCCCGCATTTTATGCGTTTTCATGTTGCCTGCCCGCATTGCGGGGAGGAGCAGTATCTTAAATTTGGCGACAAAGAGACGCCGTTTGGCCTCAAATGGACGCCGGATGACCCCTCCAGCGTGTTTTATCTCTGCGAGCATAATGCCTGCGTCATCCGCCAGCAGGAGCTGGACTTTACTGATGCCCGTTATATCTGCGAAAAGACCGGGATCTGGACCCGTGATGGCATTCTCTGGTTTTCGTCATCCGGTGAAGAGATTGAGCCACCTGACAGTGTGACCTTTCACATCTGGACAGCGTACAGCCCGTTCACCACCTGGGTGCAGATTGTCAAAGACTGGATGAAAACGAAAGGGGATACGGGAAAACGTAAAACCTTCGTAAACACCACGCTCGGTGAGACGTGGGAGGCGAAAATTGGCGAACGTCCGGATGCTGAAGTGATGGCAGAGCGGAAAGAGCATTATTCAGCGCCCGTTCCTGACCGTGTGGCTTACCTGACCGCCGGTATCGACTCCCAGCTGGACCGCTACGAAATGCGCGTATGGGGATGGGGGCCGGGTGAGGAAAGCTGGCTGATTGACCGGCAGATTATTATGGGCCGCCACGACGATGAACAGACGCTGCTGCGTGTGGATGAGGCCATCAATAAAACCTATACCCGCCGGAATGGTGCAGAAATGTCGATATCCCGTATCTGCTGGGATACTGGCGGGATTGACCCGACCATTGTGTATGAACGCTCGAAAAAACATGGGCTGTTCCGGGTGATCCCCATTAAAGGGGCATCCGTCTACGGAAAGCCGGTGGCCAGCATGCCACGTAAGCGAAACAAAAACGGGGTTTACCTTACCGAAATCGGTACGGATACCGCGAAAGAGCAGATTTATAACCGCTTCACACTGACGCCGGAAGGGGATGAACCGCTTCCCGGTGCCGTTCACTTCCCGAATAACCCGGATATTTTTGATCTGACCGAAGCGCAGCAGCTGACTGCTGAAGAGCAGGTCGAAAAATGGGTGGATGGCAGGAAAAAAATACTGTGGGACAGCAAAAAGCGACGCAATGAGGCACTCGACTGCTTCGTTTATGCGCTGGCGGCGCTGCGCATCAGTATTTCCCGCTGGCAGCTGGATCTCAGTGCGCTGCTGGCGAGCCTGCAGGAAGAGGATGGTGCAGCAACCAACAAGAAAACACTGGCAGATTACGCCCGTGCCTTATCCGGAGAGGATGAATGACGCGACAGGAAGAACTTGCCGCTGCCCGTGCGGCACTGCATGACCTGATGACAGGTAAACGGGTGGCAACAGTACAGAAAGACGGACGAAGGGTGGAGTTTACGGCCACTTCCGTGTCTGACCTGAAAAAATATATTGCAGAGCTGGAAGTGCAGACCGGCATGACACAGCGACGCAGGGGACCTGCAGGATTTTATGTATGAAAACGCCCACCATTCCCACCCTTCTGGGGCCGGACGGCATGACATCGCTGCGCGAATATGCCGGTTATCACGGCGGTGGCAGCGGATTTGGAGGGCAGTTGCGGTCGTGGAACCCACCGAGTGAAAGTGTGGATGCAGCCCTGTTGCCCAACTTTACCCGTGGCAATGCCCGCGCAGACGATCTGGTACGCAATAACGGCTATGCCGCCAACGCCATCCAGCTGCATCAGGATCATATCGTCGGGTCTTTTTTCCGGCTCAGTCATCGCCCAAGCTGGCGCTATCTGGGCATCGGGGAGGAAGAAGCCCGTGCCTTTTCCCGCGAGGTTGAAGCGGCATGGAAAGAGTTTGCCGAGGATGACTGCTGCTGCATTGACGTTGAGCGAAAACGCACGTTTACCATGATGATTCGGGAAGGTGTGGCCATGCACGCCTTTAACGGTGAACTGTTCGTTCAGGCCACCTGGGATACCAGTTCGTCGCGGCTTTTCCGGACACAGTTCCGGATGGTCAGCCCGAAGCGCATCAGCAACCCGAACAATACCGGCGACAGCCGGAACTGCCGTGCCGGTGTGCAGATTGGCGCGCC
uL,3205,GCGGCCGCGAGTATCCGTACCATTCAGAACTGGCAGGAACAGGGAATGCCCGTTCTGCGAGGCGGTGGCAAGGGTAATGAGGTGCTTTATGACTCTGCCGCCGTCATAAAATGGTATGCCGAAAGGGATGCTGAAATTGAGAACGAAAAGCTGCGCCGGGAGGTTGAAGAACTGCGGCAGGCCAGCGAGGCAGATCTCCAGCCAGGAACTATTGAGTACGAACGCCATCGACTTACGCGTGCGCAGGCCGACGCACAGGAACTGAAGAATGCCAGAGACTCCGCTGAAGTGGTGGAAACCGCATTCTGTACTTTCGTGCTGTCGCGGATCGCAGGTGAAATTGCCAGTATTCTCGACGGGCTCCCCCTGTCGGTGCAGCGGCGTTTTCCGGAACTGGAAAACCGACATGTTGATTTCCTGAAACGGGATATCATCAAAGCCATGAACAAAGCAGCCGCGCTGGATGAACTGATACCGGGGTTGCTGAGTGAATATATCGAACAGTCAGGTTAACAGGCTGCGGCATTTTGTCCGCGCCGGGCTTCGCTCACTGTTCAGGCCGGAGCCACAGACCGCCGTTGAATGGGCGGATGCTAATTACTATCTCCCGAAAGAATCCGCATACCAGGAAGGGCGCTGGGAAACACTGCCCTTTCAGCGGGCCATCATGAATGCGATGGGCAGCGACTACATCCGTGAGGTGAATGTGGTGAAGTCTGCCCGTGTCGGTTATTCCAAAATGCTGCTGGGTGTTTATGCCTACTTTATAGAGCATAAGCAGCGCAACACCCTTATCTGGTTGCCGACGGATGGTGATGCCGAGAACTTTATGAAAACCCACGTTGAGCCGACTATTCGTGATATTCCGTCGCTGCTGGCGCTGGCCCCGTGGTATGGCAAAAAGCACCGGGATAACACGCTCACCATGAAGCGTTTCACTAATGGGCGTGGCTTCTGGTGCCTGGGCGGTAAAGCGGCAAAAAACTACCGTGAAAAGTCGGTGGATGTGGCGGGTTATGATGAACTTGCTGCTTTTGATGATGATATTGAACAGGAAGGCTCTCCGACGTTCCTGGGTGACAAGCGTATTGAAGGCTCGGTCTGGCCAAAGTCCATCCGTGGCTCCACGCCAAAAGTGAGAGGCACCTGTCAGATTGAGCGTGCAGCCAGTGAATCCCCGCATTTTATGCGTTTTCATGTTGCCTGCCCGCATTGCGGGGAGGAGCAGTATCTTAAATTTGGCGACAAAGAGACGCCGTTTGGCCTCAAATGGACGCCGGATGACCCCTCCAGCGTGTTTTATCTCTGCGAGCATAATGCCTGCGTCATCCGCCAGCAGGAGCTGGACTTTACTGATGCCCGTTATATCTGCGAAAAGACCGGGATCTGGACCCGTGATGGCATTCTCTGGTTTTCGTCATCCGGTGAAGAGATTGAGCCACCTGACAGTGTGACCTTTCACATCTGGACAGCGTACAGCCCGTTCACCACCTGGGTGCAGATTGTCAAAGACTGGATGAAAACGAAAGGGGATACGGGAAAACGTAAAACCTTCGTAAACACCACGCTCGGTGAGACGTGGGAGGCGAAAATTGGCGAACGTCCGGATGCTGAAGTGATGGCAGAGCGGAAAGAGCATTATTCAGCGCCCGTTCCTGACCGTGTGGCTTACCTGACCGCCGGTATCGACTCCCAGCTGGACCGCTACGAAATGCGCGTATGGGGATGGGGGCCGGGTGAGGAAAGCTGGCTGATTGACCGGCAGATTATTATGGGCCGCCACGACGATGAACAGACGCTGCTGCGTGTGGATGAGGCCATCAATAAAACCTATACCCGCCGGAATGGTGCAGAAATGTCGATATCCCGTATCTGCTGGGATACTGGCGGGATTGACCCGACCATTGTGTATGAACGCTCGAAAAAACATGGGCTGTTCCGGGTGATCCCCATTAAAGGGGCATCCGTCTACGGAAAGCCGGTGGCCAGCATGCCACGTAAGCGAAACAAAAACGGGGTTTACCTTACCGAAATCGGTACGGATACCGCGAAAGAGCAGATTTATAACCGCTTCACACTGACGCCGGAAGGGGATGAACCGCTTCCCGGTGCCGTTCACTTCCCGAATAACCCGGATATTTTTGATCTGACCGAAGCGCAGCAGCTGACTGCTGAAGAGCAGGTCGAAAAATGGGTGGATGGCAGGAAAAAAATACTGTGGGACAGCAAAAAGCGACGCAATGAGGCACTCGACTGCTTCGTTTATGCGCTGGCGGCGCTGCGCATCAGTATTTCCCGCTGGCAGCTGGATCTCAGTGCGCTGCTGGCGAGCCTGCAGGAAGAGGATGGTGCAGCAACCAACAAGAAAACACTGGCAGATTACGCCCGTGCCTTATCCGGAGAGGATGAATGACGCGACAGGAAGAACTTGCCGCTGCCCGTGCGGCACTGCATGACCTGATGACAGGTAAACGGGTGGCAACAGTACAGAAAGACGGACGAAGGGTGGAGTTTACGGCCACTTCCGTGTCTGACCTGAAAAAATATATTGCAGAGCTGGAAGTGCAGACCGGCATGACACAGCGACGCAGGGGACCTGCAGGATTTTATGTATGAAAACGCCCACCATTCCCACCCTTCTGGGGCCGGACGGCATGACATCGCTGCGCGAATATGCCGGTTATCACGGCGGTGGCAGCGGATTTGGAGGGCAGTTGCGGTCGTGGAACCCACCGAGTGAAAGTGTGGATGCAGCCCTGTTGCCCAACTTTACCCGTGGCAATGCCCGCGCAGACGATCTGGTACGCAATAACGGCTATGCCGCCAACGCCATCCAGCTGCATCAGGATCATATCGTCGGGTCTTTTTTCCGGCTCAGTCATCGCCCAAGCTGGCGCTATCTGGGCATCGGGGAGGAAGAAGCCCGTGCCTTTTCCCGCGAGGTTGAAGCGGCATGGAAAGAGTTTGCCGAGGATGACTGCTGCTGCATTGACGTTGAGCGAAAACGCACGTTTACCATGATGATTCGGGAAGGTGTGGCCATGCACGCCTTTAACGGTGAACTGTTCGTTCAGGCCACCTGGGATACCAGTTCGTCGCGGCTTTTCCGGACACAGTTCCGGATGGTCAGCCCGAAGCGCATCAGCAACCCGAACAATACCGGCGACAGCCGGAACTGCCGTGCCGGTGTGCAGATTGGCGCGCC
uM,5016,GCGGCCGCAACTTCTCTGCGGGAGTGTCCGGGAATAATTAAAACGATGCACACAGGGTTTAGCGCGTACACGTATTGCATTATGCCAACGCCCCGGTGCTGACACGGAAGAAACCGGACGTTATGATTTAGCGTGGAAAGATTTGTGTAGTGTTCTGAATGCTCTCAGTAAATAGTAATGAATTATCAAAGGTATAGTAATATCTTTTATGTTCATGGATATTTGTAACCCATCGGAAAACTCCTGCTTTAGCAAGATTTTCCCTGTATTGCTGAAATGTGATTTCTCTTGATTTCAACCTATCATAGGACGTTTCTATAAGATGCGTGTTTCTTGAGAATTTAACATTTACAACCTTTTTAAGTCCTTTTATTAACACGGTGTTATCGTTTTCTAACACGATGTGAATATTATCTGTGGCTAGATAGTAAATATAATGTGAGACGTTGTGACGTTTTAGTTCAGAATAAAACAATTCACAGTCTAAATCTTTTCGCACTTGATCGAATATTTCTTTAAAAATGGCAACCTGAGCCATTGGTAAAACCTTCCATGTGATACGAGGGCGCGTAGTTTGCATTATCGTTTTTATCGTTTCAATCTGGTCTGACCTCCTTGTGTTTTGTTGATGATTTATGTCAAATATTAGGAATGTTTTCACTTAATAGTATTGGTTGCGTAACAAAGTGCGGTCCTGCTGGCATTCTGGAGGGAAATACAACCGACAGATGTATGTAAGGCCAACGTGCTCAAATCTTCATACAGAAAGATTTGAAGTAATATTTTAACCGCTAGATGAAGAGCAAGCGCATGGAGCGACAAAATGAATAAAGAACAATCTGCTGATGATCCCTCCGTGGATCTGATTCGTGTAAAAAATATGCTTAATAGCACCATTTCTATGAGTTACCCTGATGTTGTAATTGCATGTATAGAACATAAGGTGTCTCTGGAAGCATTCAGAGCAATTGAGGCAGCGTTGGTGAAGCACGATAATAATATGAAGGATTATTCCCTGGTGGTTGACTGATCACCATAACTGCTAATCATTCAAACTATTTAGTCTGTGACAGAGCCAACACGCAGTCTGTCACTGTCAGGAAAGTGGTAAAACTGCAACTCAATTACTGCAATGCCCTCGTAATTAAGTGAATTTACAATATCGTCCTGTTCGGAGGGAAGAACGCGGGATGTTCATTCTTCATCACTTTTAATTGATGTATATGCTCTCTTTTCTGACGTTAGTCTCCGACGGCAGGCTTCAATGACCCAGGCTGAGAAATTCCCGGACCCTTTTTGCTCAAGAGCGATGTTAATTTGTTCAATCATTTGGTTAGGAAAGCGGATGTTGCGGGTTGTTGTTCTGCGGGTTCTGTTCTTCGTTGACATGAGGTTGCCCCGTATTCAGTGTCGCTGATTTGTATTGTCTGAAGTTGTTTTTACGTTAAGTTGATGCAGATCAATTAATACGATACCTGCGTCATAATTGATTATTTGACGTGGTTTGATGGCCTCCACGCACGTTGTGATATGTAGATGATAATCATTATCACTTTACGGGTCCTTTCCGGTGATCCGACAGGTTACGGGGCGGCGACCTCGCGGGTTTTCGCTATTTATGAAAATTTTCCGGTTTAAGGCGTTTCCGTTCTTCTTCGTCATAACTTAATGTTTTTATTTAAAATACCCTCTGAAAAGAAAGGAAACGACAGGTGCTGAAAGCGAGGCTTTTTGGCCTCTGTCGTTTCCTTTCTCTGTTTTTGTCCGTGGAATGAACAATGGAAGTCAACAAAAAGCAGCTGGCTGACATTTTCGGTGCGAGTATCCGTACCATTCAGAACTGGCAGGAACAGGGAATGCCCGTTCTGCGAGGCGGTGGCAAGGGTAATGAGGTGCTTTATGACTCTGCCGCCGTCATAAAATGGTATGCCGAAAGGGATGCTGAAATTGAGAACGAAAAGCTGCGCCGGGAGGTTGAAGAACTGCGGCAGGCCAGCGAGGCAGATCTCCAGCCAGGAACTATTGAGTACGAACGCCATCGACTTACGCGTGCGCAGGCCGACGCACAGGAACTGAAGAATGCCAGAGACTCCGCTGAAGTGGTGGAAACCGCATTCTGTACTTTCGTGCTGTCGCGGATCGCAGGTGAAATTGCCAGTATTCTCGACGGGCTCCCCCTGTCGGTGCAGCGGCGTTTTCCGGAACTGGAAAACCGACATGTTGATTTCCTGAAACGGGATATCATCAAAGCCATGAACAAAGCAGCCGCGCTGGATGAACTGATACCGGGGTTGCTGAGTGAATATATCGAACAGTCAGGTTAACAGGCTGCGGCATTTTGTCCGCGCCGGGCTTCGCTCACTGTTCAGGCCGGAGCCACAGACCGCCGTTGAATGGGCGGATGCTAATTACTATCTCCCGAAAGAATCCGCATACCAGGAAGGGCGCTGGGAAACACTGCCCTTTCAGCGGGCCATCATGAATGCGATGGGCAGCGACTACATCCGTGAGGTGAATGTGGTGAAGTCTGCCCGTGTCGGTTATTCCAAAATGCTGCTGGGTGTTTATGCCTACTTTATAGAGCATAAGCAGCGCAACACCCTTATCTGGTTGCCGACGGATGGTGATGCCGAGAACTTTATGAAAACCCACGTTGAGCCGACTATTCGTGATATTCCGTCGCTGCTGGCGCTGGCCCCGTGGTATGGCAAAAAGCACCGGGATAACACGCTCACCATGAAGCGTTTCACTAATGGGCGTGGCTTCTGGTGCCTGGGCGGTAAAGCGGCAAAAAACTACCGTGAAAAGTCGGTGGATGTGGCGGGTTATGATGAACTTGCTGCTTTTGATGATGATATTGAACAGGAAGGCTCTCCGACGTTCCTGGGTGACAAGCGTATTGAAGGCTCGGTCTGGCCAAAGTCCATCCGTGGCTCCACGCCAAAAGTGAGAGGCACCTGTCAGATTGAGCGTGCAGCCAGTGAATCCCCGCATTTTATGCGTTTTCATGTTGCCTGCCCGCATTGCGGGGAGGAGCAGTATCTTAAATTTGGCGACAAAGAGACGCCGTTTGGCCTCAAATGGACGCCGGATGACCCCTCCAGCGTGTTTTATCTCTGCGAGCATAATGCCTGCGTCATCCGCCAGCAGGAGCTGGACTTTACTGATGCCCGTTATATCTGCGAAAAGACCGGGATCTGGACCCGTGATGGCATTCTCTGGTTTTCGTCATCCGGTGAAGAGATTGAGCCACCTGACAGTGTGACCTTTCACATCTGGACAGCGTACAGCCCGTTCACCACCTGGGTGCAGATTGTCAAAGACTGGATGAAAACGAAAGGGGATACGGGAAAACGTAAAACCTTCGTAAACACCACGCTCGGTGAGACGTGGGAGGCGAAAATTGGCGAACGTCCGGATGCTGAAGTGATGGCAGAGCGGAAAGAGCATTATTCAGCGCCCGTTCCTGACCGTGTGGCTTACCTGACCGCCGGTATCGACTCCCAGCTGGACCGCTACGAAATGCGCGTATGGGGATGGGGGCCGGGTGAGGAAAGCTGGCTGATTGACCGGCAGATTATTATGGGCCGCCACGACGATGAACAGACGCTGCTGCGTGTGGATGAGGCCATCAATAAAACCTATACCCGCCGGAATGGTGCAGAAATGTCGATATCCCGTATCTGCTGGGATACTGGCGGGATTGACCCGACCATTGTGTATGAACGCTCGAAAAAACATGGGCTGTTCCGGGTGATCCCCATTAAAGGGGCATCCGTCTACGGAAAGCCGGTGGCCAGCATGCCACGTAAGCGAAACAAAAACGGGGTTTACCTTACCGAAATCGGTACGGATACCGCGAAAGAGCAGATTTATAACCGCTTCACACTGACGCCGGAAGGGGATGAACCGCTTCCCGGTGCCGTTCACTTCCCGAATAACCCGGATATTTTTGATCTGACCGAAGCGCAGCAGCTGACTGCTGAAGAGCAGGTCGAAAAATGGGTGGATGGCAGGAAAAAAATACTGTGGGACAGCAAAAAGCGACGCAATGAGGCACTCGACTGCTTCGTTTATGCGCTGGCGGCGCTGCGCATCAGTATTTCCCGCTGGCAGCTGGATCTCAGTGCGCTGCTGGCGAGCCTGCAGGAAGAGGATGGTGCAGCAACCAACAAGAAAACACTGGCAGATTACGCCCGTGCCTTATCCGGAGAGGATGAATGACGCGACAGGAAGAACTTGCCGCTGCCCGTGCGGCACTGCATGACCTGATGACAGGTAAACGGGTGGCAACAGTACAGAAAGACGGACGAAGGGTGGAGTTTACGGCCACTTCCGTGTCTGACCTGAAAAAATATATTGCAGAGCTGGAAGTGCAGACCGGCATGACACAGCGACGCAGGGGACCTGCAGGATTTTATGTATGAAAACGCCCACCATTCCCACCCTTCTGGGGCCGGACGGCATGACATCGCTGCGCGAATATGCCGGTTATCACGGCGGTGGCAGCGGATTTGGAGGGCAGTTGCGGTCGTGGAACCCACCGAGTGAAAGTGTGGATGCAGCCCTGTTGCCCAACTTTACCCGTGGCAATGCCCGCGCAGACGATCTGGTACGCAATAACGGCTATGCCGCCAACGCCATCCAGCTGCATCAGGATCATATCGTCGGGTCTTTTTTCCGGCTCAGTCATCGCCCAAGCTGGCGCTATCTGGGCATCGGGGAGGAAGAAGCCCGTGCCTTTTCCCGCGAGGTTGAAGCGGCATGGAAAGAGTTTGCCGAGGATGACTGCTGCTGCATTGACGTTGAGCGAAAACGCACGTTTACCATGATGATTCGGGAAGGTGTGGCCATGCACGCCTTTAACGGTGAACTGTTCGTTCAGGCCACCTGGGATACCAGTTCGTCGCGGCTTTTCCGGACACAGTTCCGGATGGTCAGCCCGAAGCGCATCAGCAACCCGAACAATACCGGCGACAGCCGGAACTGCCGTGCCGGTGTGCAGATTGGCGCGCC
uN,216,GCGGCCGCAATATACAATGAGACCAGGCAGGTTCTCCAGTAAAGCGTTCAGTCCTCTACAGGCATGACTGTATATTCTGACACTCTTCAATCCTTGTCGTGGCACTGCGTCCCGGCTAAGTGGGCTGTACTATACCAGTCCACACAGGGCACGCTTCTACAGTAGGCATGGGGTTCGATGTGGGAAGCGACGGGTCTCTCCCGAACGAGGCGCGCC
dA,320,ATGCATGCTTCCTTTCCATACCGGTTGCTCTGCAATGATTCTGAGTGCCTCACAGGCGAGTGTATATGTTAATGTCTACGTATGTGCTCTGTGAGGCCCGGCCATCTCGGGGGTCGTCGAGATTGAGTGTTGCCGTCTAACTGCATAAAATAGTGATGGGTAGAGGTCATGTACTTATCGGATGGTCGTAGAAAGTGTAAACCTCGGCACCGACCCTGCCAGCTCATATCATTGACTTTGTTGGTTGCCTCTTTTGGTACGCTACTTCGCAAGACGTAATGTACGCTTGCTAAGAGACCGGGAGGGTGAGCGCGAAGCTT
dB,507,ATGCATAGTCTAAGTGGAGACCCATGACAACTCACCTTCCCGGCCTCGGGTATCATGCTGGTTACGCCTGCTGCAAACGCAGCGGTCAGCCATGCTCAGGTACGGATGACCTCTCACCACAGCACGGACCCTGGAAAGATTACCATGATTAAATCCCCTCAACTGTGGATTGGGATATGCCCTTCTGATAGGTCTCACATGCCCTCACCGGTTGCTCTGCAATGATTCTGAGTGCCTCACAGGCGAGTGTATATGTTAATGTCTACGTATGTGCTCTGTGAGGCCCGGCCATCTCGGGGGTCGTCGAGATTGAGTGTTGCCGTCTAACTGCATAAAATAGTGATGGGTAGAGGTCATGTACTTATCGGATGGTCGTAGAAAGTGTAAACCTCGGCACCGACCCTGCCAGCTCATATCATTGACTTTGTTGGTTGCCTCTTTTGGTACGCTACTTCGCAAGACGTAATGTACGCTTGCTAAGAGACCGGGAGGGTGAGCGCGAAGCTT
dC,3408,ATGCATGGTCCTGTCCAGAGCCGGGCAGGCGGCAGGGCTGACGTTTAACCAGACCAGCGAGTCACTCAGCGCACTGGTTAAGGCGGGGGTAAGCGGTGAGGCTCAGATTGCGTCCATCAGCCAGAGTGTGGCGCGTTTCTCCTCTGCATCCGGCGTGGAGGTGGACAAGGTCGCTGAAGCCTTCGGGAAGCTGACCACAGACCCGACGTCGGGGCTGACGGCGATGGCTCGCCAGTTCCATAACGTGTCGGCGGAGCAGATTGCGTATGTTGCTCAGTTGCAGCGTTCCGGCGATGAAGCCGGGGCATTGCAGGCGGCGAACGAGGCCGCAACGAAAGGGTTTGATGACCAGACCCGCCGCCTGAAAGAGAACATGGGCACGCTGGAGACCTGGGCAGACAGGACTGCGCGGGCATTCAAATCCATGTGGGATGCGGTGCTGGATATTGGTCGTCCTGATACCGCGCAGGAGATGCTGATTAAGGCAGAGGCTGCGTATAAGAAAGCAGACGACATCTGGAATCTGCGCAAGGATGATTATTTTGTTAACGATGAAGCGCGGGCGCGTTACTGGGATGATCGTGAAAAGGCCCGTCTTGCGCTTGAAGCCGCCCGAAAGAAGGCTGAGCAGCAGACTCAACAGGACAAAAATGCGCAGCAGCAGAGCGATACCGAAGCGTCACGGCTGAAATATACCGAAGAGGCGCAGAAGGCTTACGAACGGCTGCAGACGCCGCTGGAGAAATATACCGCCCGTCAGGAAGAACTGAACAAGGCACTGAAAGACGGGAAAATCCTGCAGGCGGATTACAACACGCTGATGGCGGCGGCGAAAAAGGATTATGAAGCGACGCTGAAAAAGCCGAAACAGTCCAGCGTGAAGGTGTCTGCGGGCGATCGTCAGGAAGACAGTGCTCATGCTGCCCTGCTGACGCTTCAGGCAGAACTCCGGACGCTGGAGAAGCATGCCGGAGCAAATGAGAAAATCAGCCAGCAGCGCCGGGATTTGTGGAAGGCGGAGAGTCAGTTCGCGGTACTGGAGGAGGCGGCGCAACGTCGCCAGCTGTCTGCACAGGAGAAATCCCTGCTGGCGCATAAAGATGAGACGCTGGAGTACAAACGCCAGCTGGCTGCACTTGGCGACAAGGTTACGTATCAGGAGCGCCTGAACGCGCTGGCGCAGCAGGCGGATAAATTCGCACAGCAGCAACGGGCAAAACGGGCCGCCATTGATGCGAAAAGCCGGGGGCTGACTGACCGGCAGGCAGAACGGGAAGCCACGGAACAGCGCCTGAAGGAACAGTATGGCGATAATCCGCTGGCGCTGAATAACGTCATGTCAGAGCAGAAAAAGACCTGGGCGGCTGAAGACCAGCTTCGCGGGAACTGGATGGCAGGCCTGAAGTCCGGCTGGAGTGAGTGGGAAGAGAGCGCCACGGACAGTATGTCGCAGGTAAAAAGTGCAGCCACGCAGACCTTTGATGGTATTGCACAGAATATGGCGGCGATGCTGACCGGCAGTGAGCAGAACTGGCGCAGCTTCACCCGTTCCGTGCTGTCCATGATGACAGAAATTCTGCTTAAGCAGGCAATGGTGGGGATTGTCGGGAGTATCGGCAGCGCCATTGGCGGGGCTGTTGGTGGCGGCGCATCCGCGTCAGGCGGTACAGCCATTCAGGCCGCTGCGGCGAAATTCCATTTTGCAACCGGAGGATTTACGGGAACCGGCGGCAAATATGAGCCAGCGGGGATTGTTCACCGTGGTGAGTTTGTCTTCACGAAGGAGGCAACCAGCCGGATTGGCGTGGGGAATCTTTACCGGCTGATGCGCGGCTATGCCACCGGCGGTTATGTCGGTACACCGGGCAGCATGGCAGACAGCCGGTCGCAGGCGTCCGGGACGTTTGAGCAGAATAACCATGTGGTGATTAACAACGACGGCACGAACGGGCAGATAGGTCCGGCTGCTCTGAAGGCGGTGTATGACATGGCCCGCAAGGGTGCCCGTGATGAAATTCAGACACAGATGCGTGATGGTGGCCTGTTCTCCGGAGGTGGACGATGAAGACCTTCCGCTGGAAAGTGAAACCCGGTATGGATGTGGCTTCGGTCCCTTCTGTAAGAAAGGTGCGCTTTGGTGATGGCTATTCTCAGCGAGCGCCTGCCGGGCTGAATGCCAACCTGAAAACGTACAGCGTGACGCTTTCTGTCCCCCGTGAGGAGGCCACGGTACTGGAGTCGTTTCTGGAAGAGCACGGGGGCTGGAAATCCTTTCTGTGGACGCCGCCTTATGAGTGGCGGCAGATAAAGGTGACCTGCGCAAAATGGTCGTCGCGGGTCAGTATGCTGCGTGTTGAGTTCAGCGCAGAGTTTGAACAGGTGGTGAACTGATGCAGGATATCCGGCAGGAAACACTGAATGAATGCACCCGTGCGGAGCAGTCGGCCAGCGTGGTGCTCTGGGAAATCGACCTGACAGAGGTCGGTGGAGAACGTTATTTTTTCTGTAATGAGCAGAACGAAAAAGGTGAGCCGGTCACCTGGCAGGGGCGACAGTATCAGCCGTATCCCATTCAGGGGAGCGGTTTTGAACTGAATGGCAAAGGCACCAGTACGCGCCCCACGCTGACGGTTTCTAACCTGTACGGTATGGTCACCGGGATGGCGGAAGATATGCAGAGTCTGGTCGGCGGAACGGTGGTCCGGCGTAAGGTTTACGCCCGTTTTCTGGATGCGGTGAACTTCGTCAACGGAAACAGTTACGCCGATCCGGAGCAGGAGGTGATCAGCCGCTGGCGCATTGAGCAGTGCAGCGAACTGAGCGCGGTGAGTGCCTCCTTTGTACTGTCCACGCCGACGGAAACGGATGGCGCTGTTTTTCCGGGACGTATCATGCTGGCCAACACCTGCACCTGGACCTATCGCGGTGACGAGTGCGGTTATAGCGGTCCGGCTGTCGCGGATGAATATGACCAGCCAACGTCCGATATCACGAAGGATAAATGCAGCAAATGCCTGAGCGGTTGTAAGTTCCGCAATAACGTCGGCAACTTTGGCGGCTTCCTTTCCATTAACAAACTTTCGCAGTAAATCCCATGACACAGACAGACCGGTTGCTCTGCAATGATTCTGAGTGCCTCACAGGCGAGTGTATATGTTAATGTCTACGTATGTGCTCTGTGAGGCCCGGCCATCTCGGGGGTCGTCGAGATTGAGTGTTGCCGTCTAACTGCATAAAATAGTGATGGGTAGAGGTCATGTACTTATCGGATGGTCGTAGAAAGTGTAAACCTCGGCACCGACCCTGCCAGCTCATATCATTGACTTTGTTGGTTGCCTCTTTTGGTACGCTACTTCGCAAGACGTAATGTACGCTTGCTAAGAGACCGGGAGGGTGAGCGCGAAGCTT
