Label,Name,Sequence (aligned by -10 element)
p01,apFAB67,_______________________________________________TTGACATCAGGAAAATTTTTCTGCATAATTATTTCATATCAC
p02,pR,_____________________________TATCTAACACCGTGCGTGTTGACTATTTTACCTCTGGCGGTGATAATGGTTGCA
p03,pTet,____________________________TCCCTATCAGTGATAGAGATTGACATCCCTATCAGTGATAGAGATACTGAGCACATCAGCAGGACGCACTGACC
p04,apFAB40,_____________________________________AAAAAGAGTATTGACTTCAGGAAAATTTTTCTGTATAATGTGTGGATGTTCA
p05,apFAB45,_____________________________________AAAAAGAGTATTGACTTCGCATCTTTTTGTACCTATAATGTGTGGATAGCGG
p06,apFAB93,_________________________________AAAAAATTTATTTGCTTTCAGGAAAATTTTTCTGTAGATTTAACGTATGCCCA
p07,apFAB101,____________________________________AAAAAATTTATTTGCTTTTTATCCCTTGCGGCGATATAATAGATTCATCTTAG
p08,apFAB341,_______________________________________________TTGACAATTAATCATCCGGCTCGTAATATGTGTGGATGGTT
p09,apFAB79,____________________________________AAAAAATTTATTTGCTTTAAAGTCTAACCTATAGGATACTTACAGCCATAGTCT
p10,BBa_J23119,_______________________________________________TTGACAGCTAGCTCAGTCCTAGGTATAATGCTAGCACGAA
p11,apFAB61,_______________________________________________TTGACAATTAATCATCCGGCTCGTATAATAGATTCATTAGAG
p12,apFAB70,_______________________________________________TTGACATCGCATCTTTTTGTACCTATAATGTGTGGATAGAGT
p13,parcB,CAACGGAGTAGGTCGTTGAGGGGAATTCCGCATTTCTCACACAATTTATAACGTAACTGTCAGAATTGGGTATTATTGGGGC
p14,pkdsA,GCTGGACGTATGGTTAAAGGGAAATATCAGCCCGTCGGCGGAACTGTTTTATGAAGACCTTGATGAAGCTGATAACATTGAG
p15,prna,_TACGTTCGCCAAACGCTGAATAAATCATCACGCCCGCCAGGTAAGCCCACCTGGCGGGCTTTTTTATGATTTAATAGATAGT
p16,pyacL,AATGAGATTCCCGGGCATTTTTTTATTTCTAAACCATCGCCGTTCCGCTGTTTTTCTCCGGTAAGGCTGCGATAATTACATC
p17,apFAB73,____________________________________________TTGACATCGCATCTTTTTGTACCTAGATTTAACGTATTCGGC
p18,J23101,_______________________________________________TTTACAGCTAGCTCAGTCCTAGGTATTATGCTAGCCAGTT
p19,J23100,_______________________________________________TTGACGGCTAGCTCAGTCCTAGGTACAGTGCTAGCTTAAT
p20,apFAB47,_______________________________________________TTGACAATTAATCATCCGGCTCTTAATATGTGTGGACGAGG
p21,apFAB66,_______________________________________________TTGACATCAGGAAAATTTTTCTGTATAATAGATTCATCTCAA
p22,apFAB77,_______________________________________________TTGACATTTATCCCTTGCGGCGACATAATTATTTCATTTTGG
p23,apFAB67*,_______________________________________________TTGACATCAGGAAAATTTTTCTGCATAATCCCGGCATATCAC
p24,apFAB67**,_______________________________________________TTGACATCAGGAAAATTTTTCTGCATAATGTGTGGATATCAC
p25,apFAB67***,_______________________________________________TTGACATCAGGAAAATTTTTCTGTAATATTATTTCATATCAC
p26,apFAB341*,_______________________________________________TTGACAATTAATCATCCGGCTCGTAATATTATTTCATGGTT
p27,apFAB341**,_______________________________________________TTGACAATTAATCATCCGGCTCGTAATATCCCGGCATGGTT
p28,apFAB341***,_______________________________________________TTGACAATTAATCATCCGGCTCGCATAATGTGTGGATGGTT
